status,measure_name,application_period,target_group,purpose,field_domain,funding_source,detail_url,regulation_url,document_links,image_urls
Open (Avatud),Kagu-Eesti ettevõtluse arengutoetuse andmine,alates 01.09.2025,"mikro- ja väikeettevõtjast äriühing, kelle püsiv tegevuskoht asub Põlva, Valga või Võru maakonnas ning kes on Eesti äriregistri andmetel tegutsenud vähemalt 36 kuud.","aidata kaasa Kagu-Eesti piirkonna arengule, toetades ettevõtluse arengut ja uuendusmeelsust ning mitmekesisemate töövõimaluste teket.",regionaalareng,,https://rtk.ee/kagu-eesti-ettevotluse-arengutoetuse-andmine-2021-2027,https://www.riigiteataja.ee/akt/104102023013?leiaKehtiv,https://pilv.rtk.ee/s/J4BwGYG7g3ZTpnN;https://pilv.rtk.ee/s/HfENAwa3X858etZ;https://pilv.rtk.ee/s/4WaPGqZ4An68LaH;https://pilv.rtk.ee/s/Y4nQzsFADMXnmtf;https://pilv.rtk.ee/s/tdJzJNpXBGcHxMs;https://pilv.rtk.ee/s/Aq9H58eYT5cqqfR;https://pilv.rtk.ee/s/sqZW2KmfeRPyNjK;https://pilv.rtk.ee/s/qX8ggsFfjb3PB5a,https://rtk.ee/sites/default/files/2025-08/Kagu-Eesti%20ettev%C3%B5tluse%20arengutoetuse%20andmine%20%282021-2027%29.png;https://rtk.ee/sites/default/files/2025-03/Kaasrahastanud_EL.png
Open (Avatud),Keskvalitsuse hoonete energiatõhususe parandamine moderniseerimisfondist,alates 03.08.2026 kuni 18.11.2026 kell 16.00,Toetuse taotlejaks võib olla hoone omanikuks olev keskvalitsuse valitseva mõju all olev juriidiline isik; riigile kuuluva hoone puhul riigivara valitseja.,parandada keskvalitsuse kasutuses olevate hoonete energiatõhusust.,riigivalitsemine ja energeetika,,https://rtk.ee/keskvalitsuse-hoonete-energiatohususe-parandamine-moderniseerimisfondist-1,https://www.riigiteataja.ee/akt/109082022031?leiaKehtiv,https://pilv.rtk.ee/s/x6nxkqxzm8q3rE6;https://pilv.rtk.ee/s/wn7rYAAyecbD2QL;https://pilv.rtk.ee/s/mFpFHcnBJKNpZT2,https://rtk.ee/sites/default/files/2026-07/ET_cofundedbyttheMF_CMYK_POS.png;https://rtk.ee/sites/default/files/2025-05/RTK_RM.png;https://rtk.ee/sites/default/files/2025-06/Kagu-Eesti%20piirkonna%20sotsiaalteenused%20ja%20kvaliteet.png
Open (Avatud),Kohaliku omaalgatuse programm (SÜGISVOOR 2026),alates 01.09.2026 kuni 01.10.2026 kell 16.30,"Toetuse taotlejaks saavad olla programmi määruse nõuetele vastavad ja avalikes huvides tegutsevad mittetulundusühingud, mille liikmeks ei ole riik ega kohalik omavalitsus ja mille liikmetest äriühingud ei moodusta rohkem kui poole ning sihtasutused, mille asutajaks ei ole riik ega kohalik omavalitsus ja mille asutajatest äriühingud ei moodusta rohkem kui poole.",tugevate ja omaalgatusel põhinevate kogukondade tekkimine ja püsimine.,Regionaalareng,,https://rtk.ee/meede-kohaliku-omaalgatuse-programm,https://www.riigiteataja.ee/akt/115072023034?leiaKehtiv,https://pilv.rtk.ee/s/eNNbJ6nf33477k3;https://pilv.rtk.ee/s/cgM7fFdiJnfkqK8;https://pilv.rtk.ee/s/p3bKL88bGbn9EqP;https://pilv.rtk.ee/s/4mBRCcCB6Fc8Ja5;https://pilv.rtk.ee/s/p9GQAe8nTLmm2WP;https://pilv.rtk.ee/s/GLap4CMReMDfreZ;https://pilv.rtk.ee/s/swPsbq2d487yb9P;https://pilv.rtk.ee/s/QKoZmXxGqgKXjEj;https://pilv.rtk.ee/s/iSXkjxsok6e3qd3;https://pilv.rtk.ee/s/dfEMf5Jge2gCFZw,
Open (Avatud),Kohalike omavalitsuse üksuste kriisivalmiduse suurendamine 2026,,,,,,https://rtk.ee/kohalike-omavalitsuse-uksuste-kriisivalmiduse-suurendamine-2026,https://www.riigiteataja.ee/akt/127032026005,https://pilv.rtk.ee/s/yeDKZLm38oHSsk3;https://pilv.rtk.ee/s/gNyDLLNXCeew33D;https://pilv.rtk.ee/s/oCLF8jiFspXJ5pS;https://pilv.rtk.ee/s/NWFfiwJaaTErPsa,https://rtk.ee/sites/default/files/2025-04/P%C3%B6%C3%B6steamet_RTK.png;https://rtk.ee/sites/default/files/2025-04/Taotleja%20teekond_Korteri%C3%BChistule%20kriisivalmiduse%20suurendamine%202025.png
Open (Avatud),Kohaliku omavalitsuse üksuste suurte hoonete energiatõhusaks rekonstrueerimine 2026,,,,,,https://rtk.ee/KOV-uksuste-suurte-hoonete-energiatohusamaks-rekonstrueerimine-2026,https://www.riigiteataja.ee/akt/105032026004;https://www.riigiteataja.ee/akt/127082025012?leiaKehtiv,https://pilv.rtk.ee/s/Ds65xHwLKGgiGsY;https://pilv.rtk.ee/s/rAb4j3nEHjydoWx;https://pilv.rtk.ee/s/9fgz39bJrQWY9Xa,
Open (Avatud),Lisa- ja jätkutegevused mittetöötavate noorte tööalase konkurentsivõime suurendamiseks ning nende haridusliku lõimumise ja ennetustegevuste toetamiseks,alates 20.05.2026 kuni 31.08.2027 kell 17.00 või kuni eelarvevahendite ammendumiseni.,"taotlejaks võib olla juriidiline isik, valitsusasutus või selle hallatav riigiasutus, kohaliku omavalitsuse üksus või selle asutus, kes on varem saanud toetust käesoleva määruse § 4 lõike 1 punktis 1 nimetatud tegevuseks või olnud partner sama sätte alusel elluviidud tegevuses.",parandada noorte tööalast konkurentsivõimet ja nad tööle aidata või haridussüsteemi lõimida.,sotsiaalkaitse ja tervis,,https://rtk.ee/NEET-noored-toetusmeede,https://www.riigiteataja.ee/akt/114102025006,https://pilv.rtk.ee/s/DNCAT7xbf2YnMPb;https://pilv.rtk.ee/s/faNWdy4LLaA92S3;https://pilv.rtk.ee/s/9PB2jXjQdFQgm4e;https://pilv.rtk.ee/s/FPzGGnkgjQdeqdM;https://pilv.rtk.ee/s/croQ8bH25PcBQNw;https://pilv.rtk.ee/s/KG6LNJzJHnWFQLb,
Open (Avatud),Maakonna arengustrateegia elluviimise toetusmeede 2024-2027,alates 22.01.2024 kuni 31.12.2027,"kohaliku omavalitsuse üksus, mittetulundusühing, sihtasutus, äriühing, riigiasutus või avalik-õiguslik ülikool, kes on taotlejaks märgitud maakonna arengustrateegia tegevuskavas.",pakkuda kohaliku omavalitsuse üksustele nende ühisel ülesannete täitmisel täiendavat riigi tuge maakonna arengustrateegias määratud eesmärkide saavutamisel vastavalt riigi ja maakonna esindajate dialoogi käigus kokku lepitud teemadele.,regionaalareng,,https://rtk.ee/maakonna-arengustrateegia-elluviimise-toetusmeede-2024-2027,https://www.riigiteataja.ee/akt/116012024005?leiaKehtiv,https://pilv.rtk.ee/s/AnLG7WXRBQcdWY7;https://pilv.rtk.ee/s/rjDfxAmMYLkiWN7;https://pilv.rtk.ee/s/FSowQiw2gM5eBTs;https://pilv.rtk.ee/s/cxkLbbSxW3YfPtG,https://rtk.ee/sites/default/files/2024-01/regionaal-%20ja%20p%C3%B5llumajandusministeerium_reguonaalarengu%20toetuseks.png
Open (Avatud),"Piirkondlike oskuste toetamine Jõgeva, Põlva, Võru ja Valga maakonnas",alates 26.06.2026 kuni 30.09.2026 kell 17.00 või kuni eelarvevahendite ammendumiseni,"taotlejaks ja partneriks võivad olla: 1. Sihtasutus Jõgevamaa Arendus- ja Ettevõtluskeskus, Sihtasutus Põlvamaa Arenduskeskus, Sihtasutus Valgamaa Arenguagentuur ja Sihtasutus Võrumaa Arenduskeskus; 2. MTÜ Maakondlikud Arenduskeskused; 3. Jõgeva, Põlva, Valga ja Võru maakonna maakondlik arendusorganisatsioon. (täpsem info vooru lehel)","toetada Kagu Eesti (Jõgeva, Põlva, Võru ja Valga maakonna) mikro ja väikeettevõtjate töötajate oskusevajaduse hindamist ja arendamist ning seeläbi suurendada töötajate tööalast konkurentsivõimet.",sotsiaalkaitse ja tervis,,https://rtk.ee/piirkondlike-oskuste-toetamine-jogeva-polva-voru-ja-valga-maakonnas,https://www.riigiteataja.ee/et/akt/110062026014,https://pilv.rtk.ee/s/NWai7Hq9geifmG3;https://pilv.rtk.ee/s/CiK8ajn9x8Bx5KG,https://rtk.ee/sites/default/files/2025-06/Kagu-Eesti%20piirkonna%20sotsiaalteenused%20ja%20kvaliteet.png;https://rtk.ee/sites/default/files/2025-03/Kaasrahastanud_EL.png
Open (Avatud),Suuremate linnapiirkondade arendamine,Alates 19.06.2026 on avatud ettepanekute esitamise lisavoor Ida- Virumaa linnapiirkondade digilahenduste projektide rahastamiseks.,"ettepanku esitajaks, taotlejaks ja partneriks võib olla: kohaliku omavalitsuse üksus, sihtasutus ja mittetulundusühing,avalik-õiguslik juriidiline isik, äriühing.",,regionaalareng,,https://rtk.ee/suuremate-linnapiirkondade-arendamine-0,https://www.riigiteataja.ee/et/akt/110062026008?leiaKehtiv,https://pilv.rtk.ee/s/rJL6yoTwL8biMdb;https://pilv.rtk.ee/s/4xHSWZqRRwzrDjE;https://pilv.rtk.ee/s/4wLMsz4T4izqe7X;https://pilv.rtk.ee/s/3S9i9jHx525pt8G;https://pilv.rtk.ee/s/dzwoi9FT6tKKeCj;https://pilv.rtk.ee/s/QGgSAcXKewmFYeF,
Open (Avatud),Teadusuuringute mõju suurendamine ning teadusasutuste ja kõrgkoolide institutsionaalse teadmussiirde suutlikkuse toetamine (Astra+),tegevuste 3 ja 4 taotluste esitamine on avatud alates 01.07.2026 kell 8.00 kuni 30.09.2026 kell 17.00.,"teadus- ja arendusasutused, ülikoolid ja rakenduskõrgkoolid","tõsta ülikoolide, rakenduskõrgkoolide ning riigi ja avalikõiguslike teadus- ja arendusasutuste teadmusiirde võimekust rõhuga teadlaste järelkasvul ja noorte kaasamisel, kasvatada asutuste asutuste Eesti-sisest ja rahvusvahelist ettevõtluskoostööd, aidata kaasa teadus- ja arendusasutustes, ülikoolides ja kõrgkoolides tekkivate teadustulemuste võimalikult kiirele rakendumisele ühiskonnas ning ettevõtliku mõtteviisi väärtustamisele teadus-, arendus- ning kõrgharidussüsteemis.",teadus- ja arendustegevus,,https://rtk.ee/Teadusuuringute-moju-suurendamine-ning-teadusasutuste-ja-korgkoolide-institutsionaalse-teadmussiirde-suutlikkuse-toetamine,https://www.riigiteataja.ee/et/akt/102062026007,https://pilv.rtk.ee/s/mpdtLtByb8Hg9Xq;https://pilv.rtk.ee/s/BpGdBXe9qyybr4R;https://pilv.rtk.ee/s/dGF3nA3PFL5kTiR;https://pilv.rtk.ee/s/HYobcFQdXsmaMzn;https://pilv.rtk.ee/s/bSoCNNMnWarebeM;https://pilv.rtk.ee/s/FfDmBZJRRZrxgqc;https://pilv.rtk.ee/s/BLXAZWD2TqCgyRt,https://rtk.ee/sites/default/files/2024-11/Taotleja%20teekond.png
Open (Avatud),Väga suure läbilaskevõimega elektroonilise side juurdepääsuvõrgu rajamine (SF),alates 21.09.2026 kuni 23.11.2026 kell 17:00,"Toetuse taotlejaks võib olla Eesti Vabariigis registreeritud juriidiline isik, mis vastab määruse § 14 nõuetele: taotleja põhi- või lisategevusala oli äriregistri andmetel taotluse esitamise ajal äriregistris viimase kinnitatud majandusaasta aruande andmetel justiitsministri 28. detsembri 2005. a määruse nr 59 „Kohtule dokumentide esitamise kord” lisa 16 „Eesti majanduse tegevusalade klassifikaatori (EMTAK)” kohaselt elektroonilise side teenused fikseeritud või traadita sidevõrgus ja satelliitsideteenused, muud elektroonilise side teenused või elektri- ja sidevõrkude ehitus ; taotleja käive oli taotluse esitamise ajal äriregistris viimase kinnitatud majandusaasta aruande andmetel vähemalt 500 000 eurot . Kui sellele nõudele taotleja ei vasta, siis võib ta alternatiivselt esitada krediidi- või finantseerimisasutuse kinnituse omafinantseeringu olemasolu kohta summas, mis katab toetuse taotleja taotlusvoorus esitatud taotluste omafinantseeringu kogusumma.",Toetuse andmise tulemusena luuakse võimalus liituda väga suure läbilaskevõimega elektroonilise side juurdepääsuvõrguga.,Digiriik,SF,https://www.rtk.ee/vaga-suure-labilaskevoimega-elektroonilise-side-juurdepaasuvorgu-rajamine-SF,https://www.riigiteataja.ee/akt/108012026001;https://www.riigiteataja.ee/akt/117052022012;https://www.riigiteataja.ee/akt/111072023007?leiaKehtiv;https://www.riigiteataja.ee/akt/101122021005,https://pilv.rtk.ee/s/3xJkicHWYmTBScq;https://pilv.rtk.ee/s/EoSgprEkecdkPjE;https://pilv.rtk.ee/s/jSNcRnKomXZ2PdG;https://pilv.rtk.ee/s/kWn6zExKKqXH3wi;https://pilv.rtk.ee/s/tRw7pcdZqiiGfop;https://pilv.rtk.ee/s/GwRTJs6SxcjNmBb;https://pilv.rtk.ee/s/tf3DsrMPrpA3Yfc;https://pilv.rtk.ee/s/9ZN9xmGyZNrYTFn;https://pilv.rtk.ee/s/idW3mWYre4iexFc;https://pilv.rtk.ee/s/jTkc6bCxGB7brqM,https://www.rtk.ee/sites/default/files/2026-01/Untitled%20design%20%283%29.jpg
Open (Avatud),5G tagamine peamistel transpordikoridoridel,taotlemine avatud alates 05.05.2026,"toetuse taotlejaks võib olla Eesti Vabariigis registreeritud juriidiline isik, mis vastab meetme määruse § 15 nõuetele","toetada transpordikoridoride valgetel aladel 5G- ja teiste mobiilsideteenuste osutamiseks vajaliku taristu ehitamist, et võimaldada lõppkasutajatel kasutada ülikiiret mobiilsideühendust.",digiriik,,https://rtk.ee/5G,https://www.riigiteataja.ee/akt/114042026009;https://www.riigiteataja.ee/akt/117052022013;https://www.riigiteataja.ee/akt/117052022012;https://www.riigiteataja.ee/aktilisa/1140/4202/6009/JDM_m10_lisa1.pdf#;https://www.riigiteataja.ee/aktilisa/1140/4202/6009/JDM_m10_lisa2.pdf#,https://pilv.rtk.ee/s/oQgPG24XPFezmag;https://pilv.rtk.ee/s/csN8HMitzHwR6QZ,https://rtk.ee/sites/default/files/2026-01/Untitled%20design%20%283%29.jpg
Closed (Suletud),Kohaliku omavalitsuse investeeringud jalgratta- või jalgteedesse,alates 22.09.2025 kuni 06.02.2026 kell 17.00,Kohaliku omavalitsuse üksus,"suurendada jalgrattaga või jalgsi ja abivahendiga liikujate osakaalu kasvu kohalikes omavalitsustes ning tagada teenustele, sealhulgas ühistranspordile, ja töökohtadele parem ligipääs väljaspool Tallinna, Tartu ja Pärnu linnapiirkondi.",Regionaalareng,,https://rtk.ee/kohaliku-omavalitsuse-investeeringud-jalgratta-voi-jalgteedesse-ii-voor-sf,https://www.riigiteataja.ee/akt/107112023003?leiaKehtiv;https://www.riigiteataja.ee/akt/128082025005?leiaKehtiv;https://www.riigiteataja.ee/akt/117052022012?leiaKehtiv,https://pilv.rtk.ee/s/kepBaGjKaEn3SZ3;https://pilv.rtk.ee/s/xHHJfqimRHWfwxH,
Closed (Suletud),Atraktiivne piirkondlik ettevõtlus- ja elukeskkond,Taotlusvoor avatud alates 16.06.2025,Sihtasutus või mittetulundusühing; väljaspool Tallinna ja Tartut tegutsev avalik-õiguslik ülikool või kutsehariduskeskus; Saaremaa või Hiiumaa vald (maakondliku arendusorganisatsioonina).,"Toetus on suunatud ettevõtlus- ja elukeskkonna arendamisele väljaspool Harju maakonda ja Tartu linnapiirkonda. Meetme eesmärk on vähendada piirkondlikku ebavõrdsust ning edendada maapiirkondade arengut, toetades seeläbi Eesti tasakaalustatud regionaalset arengut. Toetatavad projektid on vähemalt maakonnaülese mõjuga ning suunatud maakonna arengustrateegias prioriteetsete tegevuste ellu viimiseks.",Regionaalareng,,https://www.rtk.ee/meede-atraktiivne-piirkondlik-ettevotlus-ja-elukeskkond,https://www.riigiteataja.ee/akt/117052022012?leiaKehtiv;https://www.riigiteataja.ee/akt/106072023078?leiaKehtiv;https://www.riigiteataja.ee/akt/105072023254#para11;https://www.riigiteataja.ee/akt/121122022038?leiaKehtiv#:~:text=%C2%A0%202)%20kavandatud%20tulemuse%20saavutamiseks%20vajalike%20tegevuste%20alternatiivide%20anal%C3%BC%C3%BCs%20v%C3%B5i%20uuring%3B;https://www.riigiteataja.ee/akt/121122022038?leiaKehtiv#:~:text=4)%20avaliku%20kasutamise%20kokkulepped%20%C3%A4ri%C3%BChingutele%20ja%20tulundusasutustele%20ning%20eraisikutele%20kuuluvatesse%20objektidesse%20investeeringu%20tegemise%20korral%3B;https://www.riigiteataja.ee/akt/121092022003,https://pilv.rtk.ee/s/SMYx7iaYcKoEES4;https://pilv.rtk.ee/s/BnXTwHHL5WbEdFs;https://pilv.rtk.ee/s/TJ9BfBDtGqwpjEx;https://pilv.rtk.ee/s/5JcFsjMFJqedZq2;https://pilv.rtk.ee/s/2amB8BpwpErNjEX;https://pilv.rtk.ee/s/ia67xCqRxpGdxxT;https://pilv.rtk.ee/s/R3Lo4qeQrnZkeCk;https://pilv.rtk.ee/s/BpWXX6a264BgtWb;https://pilv.rtk.ee/s/nEKeKJKKjTLfjXj;https://pilv.rtk.ee/s/NgfbdMYYMaRxEWD;https://pilv.rtk.ee/s/9nHZMQioGnNmKKn;https://pilv.rtk.ee/s/MyXekABfZ7rYwWM;https://pilv.rtk.ee/s/ZB35fdFwtCQbG8g;https://pilv.rtk.ee/s/ZRKdxNLYzaH2nxo;https://pilv.rtk.ee/s/EFBJ3nZZQHXLKZb;https://pilv.rtk.ee/s/bbgmEzs4g9a3wBL;https://pilv.rtk.ee/s/9YfCadTw8FgYbgR;https://pilv.rtk.ee/s/nJMZa9gw6HdErn9;https://pilv.rtk.ee/s/HXRfrTDm9da49eG;https://pilv.rtk.ee/s/X8Kj8xKM6wfZ2HW;https://pilv.rtk.ee/s/iD5BgtszXSrPzqB;https://pilv.rtk.ee/s/J6cND8NJSC6ntY5;https://pilv.rtk.ee/s/9BHYnbMeDXfNW4T;https://pilv.rtk.ee/s/mojKoJ7nAqsNN7m;https://pilv.rtk.ee/s/CsTH9RyXwXZ4cbq;https://pilv.rtk.ee/s/PQEBfQ2CY89iYdS;https://pilv.rtk.ee/s/NRGMzoaRCLYMZMk;https://pilv.rtk.ee/s/KoceCjkAktceFaw;https://pilv.rtk.ee/s/6Em3W5PbRYsL7jM;https://pilv.rtk.ee/s/73y7zQ93as8DkSo;https://pilv.rtk.ee/s/BiDrJSXfCYibDoQ;https://pilv.rtk.ee/s/KDETDJNMQMAc366;https://pilv.rtk.ee/s/ap7Epjt8kiqEpd4;https://pilv.rtk.ee/s/PRz6gSoEzgkAtan;https://pilv.rtk.ee/s/LkFkJoAnepnN29Y;https://pilv.rtk.ee/s/dgmQcFRQJ5dQSo9;https://pilv.rtk.ee/s/4K73LDi9MrYbWg4;https://pilv.rtk.ee/s/MeDBb8KH7yBMfoB;https://pilv.rtk.ee/s/MRGoK6BEcfiTw4C;https://pilv.rtk.ee/s/WNfM6wRZDCxyQqb;https://pilv.rtk.ee/s/rGMDj9342ExQyi4;https://pilv.rtk.ee/s/tYbNLSNHgLPmzcR,https://www.rtk.ee/sites/default/files/2025-03/Kaasrahastanud_EL.png;https://www.rtk.ee/sites/default/files/2026-03/Taotleja%20teekond%20veebilehele%20%286%29.png;https://rtk.ee/sites/default/files/styles/opengraph/public/2025-02/mark-stosberg-3eOIKv495OU-unsplash.jpg
Closed (Suletud),Hajaasustuse programm,taotluste vastuvõtt alates 02.02.2026 kuni 02.04.2026,Füüsilised isikud,Tagada hajaasustusega maapiirkondades elavatele peredele head elutingimused. Aidata seeläbi kaasa elanike arvu püsimisele hajaasustusega maapiirkondades.,Regionaalareng,,https://rtk.ee/meede-hajaasustuse-programm,https://www.riigiteataja.ee/akt/107012021004?leiaKehtiv,https://pilv.rtk.ee/s/dXxqdo39WYwmHfR;https://pilv.rtk.ee/s/sH5WcWXY7zs3sb4;https://pilv.rtk.ee/s/4JERGdsnrMDNBrw;https://pilv.rtk.ee/s/zeHbYFWbqWJtNdj,https://rtk.ee/sites/default/files/2024-01/regionaal-%20ja%20p%C3%B5llumajandusministeerium_reguonaalarengu%20toetuseks.png
Closed (Suletud),Hajaasustuse programm,alates 03.02.2025 - 03.04.2025,Füüsilised isikud,Tagada hajaasustusega maapiirkondades elavatele peredele head elutingimused. Aidata seeläbi kaasa elanike arvu püsimisele hajaasustusega maapiirkondades.,Regionaalareng,,https://rtk.ee/meede-hajaasustuse-programm,https://www.riigiteataja.ee/akt/107012021004?leiaKehtiv,https://pilv.rtk.ee/s/dXxqdo39WYwmHfR;https://pilv.rtk.ee/s/sH5WcWXY7zs3sb4;https://pilv.rtk.ee/s/4JERGdsnrMDNBrw;https://pilv.rtk.ee/s/zeHbYFWbqWJtNdj,https://rtk.ee/sites/default/files/2024-01/regionaal-%20ja%20p%C3%B5llumajandusministeerium_reguonaalarengu%20toetuseks.png
Closed (Suletud),Kohaliku omaalgatuse programm (kevadvoor 2026),alates 02.03.2026 kuni 02.04.2026 kell 16.30,"Toetuse taotlejaks saavad olla programmi määruse nõuetele vastavad ja avalikes huvides tegutsevad mittetulundusühingud, mille liikmeks ei ole riik ega kohalik omavalitsus ja mille liikmetest äriühingud ei moodusta rohkem kui poole ning sihtasutused, mille asutajaks ei ole riik ega kohalik omavalitsus ja mille asutajatest äriühingud ei moodusta rohkem kui poole.",tugevate ja omaalgatusel põhinevate kogukondade tekkimine ja püsimine.,Regionaalareng,,https://rtk.ee/meede-kohaliku-omaalgatuse-programm,https://www.riigiteataja.ee/akt/115072023034?leiaKehtiv,https://pilv.rtk.ee/s/eNNbJ6nf33477k3;https://pilv.rtk.ee/s/cgM7fFdiJnfkqK8;https://pilv.rtk.ee/s/p3bKL88bGbn9EqP;https://pilv.rtk.ee/s/4mBRCcCB6Fc8Ja5;https://pilv.rtk.ee/s/p9GQAe8nTLmm2WP;https://pilv.rtk.ee/s/GLap4CMReMDfreZ;https://pilv.rtk.ee/s/swPsbq2d487yb9P;https://pilv.rtk.ee/s/QKoZmXxGqgKXjEj;https://pilv.rtk.ee/s/iSXkjxsok6e3qd3;https://pilv.rtk.ee/s/dfEMf5Jge2gCFZw,
Closed (Suletud),Kohaliku omaalgatuse programm (2025 kevadvoor),alates 3.03.2025 - 3.04.2025 kell 16.30,"Toetuse taotlejaks saavad olla programmi määruse nõuetele vastavad ja avalikes huvides tegutsevad mittetulundusühingud, mille liikmeks ei ole riik ega kohalik omavalitsus ja mille liikmetest äriühingud ei moodusta rohkem kui poole ning sihtasutused, mille asutajaks ei ole riik ega kohalik omavalitsus ja mille asutajatest äriühingud ei moodusta rohkem kui poole.",Programmi eesmärk on tugevate ja omaalgatusel põhinevate kogukondade tekkimine ja püsimine.,Regionaalareng,,https://rtk.ee/meede-kohaliku-omaalgatuse-programm,https://www.riigiteataja.ee/akt/115072023034?leiaKehtiv,https://pilv.rtk.ee/s/eNNbJ6nf33477k3;https://pilv.rtk.ee/s/cgM7fFdiJnfkqK8;https://pilv.rtk.ee/s/p3bKL88bGbn9EqP;https://pilv.rtk.ee/s/4mBRCcCB6Fc8Ja5;https://pilv.rtk.ee/s/p9GQAe8nTLmm2WP;https://pilv.rtk.ee/s/GLap4CMReMDfreZ;https://pilv.rtk.ee/s/swPsbq2d487yb9P;https://pilv.rtk.ee/s/QKoZmXxGqgKXjEj;https://pilv.rtk.ee/s/iSXkjxsok6e3qd3;https://pilv.rtk.ee/s/dfEMf5Jge2gCFZw,
Closed (Suletud),Kohaliku omaalgatuse programm,alates 01.09.2025 kuni 01.10.2025 kell 16.30,"Toetuse taotlejaks saavad olla programmi määruse nõuetele vastavad ja avalikes huvides tegutsevad mittetulundusühingud, mille liikmeks ei ole riik ega kohalik omavalitsus ja mille liikmetest äriühingud ei moodusta rohkem kui poole ning sihtasutused, mille asutajaks ei ole riik ega kohalik omavalitsus ja mille asutajatest äriühingud ei moodusta rohkem kui poole.",tugevate ja omaalgatusel põhinevate kogukondade tekkimine ja püsimine.,Regionaalareng,,https://rtk.ee/meede-kohaliku-omaalgatuse-programm,https://www.riigiteataja.ee/akt/115072023034?leiaKehtiv,https://pilv.rtk.ee/s/eNNbJ6nf33477k3;https://pilv.rtk.ee/s/cgM7fFdiJnfkqK8;https://pilv.rtk.ee/s/p3bKL88bGbn9EqP;https://pilv.rtk.ee/s/4mBRCcCB6Fc8Ja5;https://pilv.rtk.ee/s/p9GQAe8nTLmm2WP;https://pilv.rtk.ee/s/GLap4CMReMDfreZ;https://pilv.rtk.ee/s/swPsbq2d487yb9P;https://pilv.rtk.ee/s/QKoZmXxGqgKXjEj;https://pilv.rtk.ee/s/iSXkjxsok6e3qd3;https://pilv.rtk.ee/s/dfEMf5Jge2gCFZw,
Closed (Suletud),Kohalike omavalitsuste võimestamine roheliste investeeringute tegemisel,alates 22.01.2024 kuni 30.09.2025 kell 17.00,"Meetme sihtpiirkonna kohalikud omavalitsused, kelle territooriumil on tuuleparkide kavandamiseks sobilikud alad. KOVid võivad esitada ühistaotluse, milles üks KOV on taotleja ja teised partnerid.","võimestada kohalikke omavalitsusi tuuleenergeetika ala või tuuleparki, sellele juurdepääsuteed, seda põhivõrguga ühendavat elektriliini või muud ehitist, mis on vajalik maismaa- või meretuulepargi toimimiseks, kavandavate planeeringute, projekteerimistingimuste, ehitus- ja kasutuslubade kvaliteetsemal koostamisel ja kiiremal menetlemisel.",Regionaalareng.,,https://rtk.ee/meede-kohalike-omavalitsuste-voimestamine-roheliste-investeeringute-tegemisel,https://www.riigiteataja.ee/akt/dyn=113072023088&id=120062023004!pr4lg2p3;https://www.riigiteataja.ee/akt/113072023088,https://pilv.rtk.ee/s/keDtcSBGk8KQWiA,https://rtk.ee/sites/default/files/2023-12/NextGen_Rahastanud_EL_NextGeneration_EST_hor_color_RGB.jpg;https://rtk.ee/sites/default/files/styles/opengraph/public/2023-12/thomas-reaubourg-JRUVbgJJTBM-unsplash.jpg
Closed (Suletud),Ida-Viru maakonna tühjenevate korterelamute probleemistiku lahendamise toetusmeede,taotlusvoor on avatud 11.11.2024 - 11.02.2025,Toetust võib taotleda Ida-Viru maakonna kohaliku omavalitsuse üksus.,"parandada Ida-Viru maakonna elukeskkonna kvaliteeti ja elanikkonna elutingimusi ning tõsta elukondliku kinnisvara väärtust, vähendades riigi ja kohaliku omavalitsuse üksuste koostöös väheväärtuslike ja alakasutatud korterelamute hulka.",Regionaalareng.,,https://rtk.ee/ida-viru-maakonna-tuhjenevate-korterelamute-probleemistiku-lahendamise-toetusmeede,https://www.riigiteataja.ee/akt/115072023042?leiaKehtiv,https://pilv.rtk.ee/s/Am3czdjZWSKKMd7;https://pilv.rtk.ee/s/xMpctwoZnZHEswK;https://pilv.rtk.ee/s/oZfYc6nN2DmekHs;https://pilv.rtk.ee/s/Depr68JTze2ydJE;https://pilv.rtk.ee/s/dKi64QGqtZbTmLw;https://eehitus.ee/wp-content/uploads/2022/04/Tuhjenemise-mustrid_lopprapprt_2022_compressed.pdf,https://rtk.ee/sites/default/files/2024-01/regionaal-%20ja%20p%C3%B5llumajandusministeerium_reguonaalarengu%20toetuseks.png
Closed (Suletud),KÄttesaadavad kvaliteetsed avalikud teenused,II taotlusvoor on avatud 30.10.2024 - 30.01.2025 kell 17.00,"kahaneva rahvaarvuga kohaliku omavalitsuse üksus, piirkondlik vee-ettevõtja, sihtasutus ja mittetulundusühing","parandada avalike teenuste kättesaadavust ja kvaliteeti, korraldades teenuseid kaasaegselt, lähtuvalt rahvastiku vähenemisest, vananemisest ja sihtrühma vajadustest ning soodustades kohaliku omavalitsuse üksuste koostööd mõjusate, terviklike avalike teenuste ja teenusvõrgustike arendamise algatuste elluviimisel, tagades sealjuures erinevate ühiskonnagruppide võrdse kohtlemise ja ligipääsetavuse.",Regionaalareng.,,https://rtk.ee/kattesaadavad-kvaliteetsed-avalikud-teenused,https://www.riigiteataja.ee/akt/101102024002?leiaKehtiv;https://www.riigiteataja.ee/akt/117052022013?leiaKehtiv,https://pilv.rtk.ee/s/aR9Bo9NjYYTAB9x;https://pilv.rtk.ee/s/jRxqEAwfX5M3QL8;https://pilv.rtk.ee/s/yiFGWxgG35jWB6c;https://pilv.rtk.ee/s/BGXWyLqFE4qnBrx;https://pilv.rtk.ee/s/yDo2EkQzM6PdPaa;https://pilv.rtk.ee/s/zzZ6igRWmBR9LzW;https://pilv.rtk.ee/s/gPGDjEcEzSi4xy4;https://pilv.rtk.ee/s/d2erEcxopPyKeFy,https://rtk.ee/sites/default/files/2024-10/Nutikas.png
Closed (Suletud),Noored Setomaale,alates 1.04.2025 - 4.05.2025,21–40 aastased Setomaal elavad noored ja nende pered.,"Tagada peredele paremad elutingimused ning seeläbi toetada noorte Setomaale jäämist ja tulemist, pidurdada noorte lahkumist Setomaalt, kindlustada piiriäärsete valdade püsiasustus ning aidata kaasa Setomaa elanike arvu suurenemisele.",Regionaalareng.,,https://rtk.ee/meede-noored-setomaale,https://www.riigiteataja.ee/akt/115072023030?leiaKehtiv,https://pilv.rtk.ee/s/sPTDNeBenn28NiR;https://pilv.rtk.ee/s/BP93daYDP9nLi3g;https://pilv.rtk.ee/s/JosPqJ9HGfPCr8N;https://pilv.rtk.ee/s/Q63HE8HbCdsAx52;https://pilv.rtk.ee/s/9GTZzdQ5qZp2TPL;https://pilv.rtk.ee/s/Yc7gGjsWgdmmZFB;https://rtk.ee/sites/default/files/documents/2023-11/Noored%20Setomaale%20-%20hindamisjuhend.pdf,https://rtk.ee/sites/default/files/2024-01/regionaal-%20ja%20p%C3%B5llumajandusministeerium_reguonaalarengu%20toetuseks.png
Closed (Suletud),Noored setomaale,alates 09.03.2026 - 12.04.2026,21–40 aastased Setomaal elavad noored ja nende pered,Tagada 21-40aastastele Setomaal elavatele inimestele ja nende peredele paremad elutingimused ning kindlustada piiriäärsete valdade püsiasustus,Regionaalareng,,https://rtk.ee/meede-noored-setomaale,https://www.riigiteataja.ee/akt/115072023030?leiaKehtiv,https://pilv.rtk.ee/s/sPTDNeBenn28NiR;https://pilv.rtk.ee/s/BP93daYDP9nLi3g;https://pilv.rtk.ee/s/JosPqJ9HGfPCr8N;https://pilv.rtk.ee/s/Q63HE8HbCdsAx52;https://pilv.rtk.ee/s/9GTZzdQ5qZp2TPL;https://pilv.rtk.ee/s/Yc7gGjsWgdmmZFB;https://rtk.ee/sites/default/files/documents/2023-11/Noored%20Setomaale%20-%20hindamisjuhend.pdf,https://rtk.ee/sites/default/files/2024-01/regionaal-%20ja%20p%C3%B5llumajandusministeerium_reguonaalarengu%20toetuseks.png
Closed (Suletud),Piirkondlike algatuste toetus õiglaseks üleminekuks Ida-Virumaal,Keskmise suurusega projektide voor avatud alates 30.04.2025 kuni 01.09.2025,Toetuse sihtpiirkond on Ida-Viru maakond.,"Parandada Ida-Virumaa elanikkonna sidusust ja toimetulekut kliimaneutraalsele majandusele ülemineku kontekstis, pakkudes sihtpiirkonna elanikele võimalust kodanikualgatuste toetamise kaudu üleminekuprotsessi mõtestada, samuti luua sellele positiivset tähendust ning selles osaleda.",Regionaalareng.,,https://rtk.ee/piirkondlike-algatuste-toetus-oiglaseks-uleminekuks-ida-virumaal,,https://pilv.rtk.ee/s/3rfiWsGcgcPHXj9,https://rtk.ee/sites/default/files/2024-10/Nutikas.png;https://rtk.ee/sites/default/files/2025-04/kaart_Ida-Viru.png;https://rtk.ee/sites/default/files/2025-04/Valge-nool-alla.png
Closed (Suletud),Väikesaarte programm,alates 07.02.2025 kuni 07.04.2025 kell 16.00,"KOVid, riigiasutused, MTÜd, äriühingud",Aidata kaasa väikesaarte kogukondadele esmatähtsate teenuste kättesaadavuse parandamisele ning nende kvaliteedi tõstmisele.,Regionaalareng,,https://rtk.ee/meede-vaikesaarte-programm,https://www.riigiteataja.ee/akt/119042024008,https://pilv.rtk.ee/s/2fYrBjzemjXQTt5;https://pilv.rtk.ee/s/ZfPiBFsQFaExWPw;https://pilv.rtk.ee/s/jWdGWz5wCg27QFf;https://pilv.rtk.ee/s/wxzM5mpyWFW2Yo7;https://pilv.rtk.ee/s/od3nMe64TT3NYDQ;https://pilv.rtk.ee/s/XWNkzQYPxfxHgdJ;https://pilv.rtk.ee/s/E5BgwbKCAiypNgJ;https://pilv.rtk.ee/s/t2kfSmGzGg3tSig;https://pilv.rtk.ee/s/P2cQ96GAN8MFCWi;https://pilv.rtk.ee/s/HsPHFQ9WGMKRPBi;https://pilv.rtk.ee/s/nNeaXasBy9ZdEyc;https://pilv.rtk.ee/s/FSowQiw2gM5eBTs;https://pilv.rtk.ee/s/cxkLbbSxW3YfPtG;https://pilv.rtk.ee/s/tZT8d62t5RZJBLZ,https://rtk.ee/sites/default/files/2024-01/regionaal-%20ja%20p%C3%B5llumajandusministeerium_reguonaalarengu%20toetuseks.png
Closed (Suletud),Väikesaarte programm,Taotluste vastuvõtt alates 09.02.2026 kuni 09.04.2026 kell 16.00,"KOVid, riigiasutused, MTÜd, äriühingud",Aidata kaasa väikesaarte kogukondadele esmatähtsate teenuste kättesaadavuse parandamisele ning nende kvaliteedi tõstmisele.,Regionaalareng,,https://rtk.ee/meede-vaikesaarte-programm,https://www.riigiteataja.ee/akt/119042024008,https://pilv.rtk.ee/s/2fYrBjzemjXQTt5;https://pilv.rtk.ee/s/ZfPiBFsQFaExWPw;https://pilv.rtk.ee/s/jWdGWz5wCg27QFf;https://pilv.rtk.ee/s/wxzM5mpyWFW2Yo7;https://pilv.rtk.ee/s/od3nMe64TT3NYDQ;https://pilv.rtk.ee/s/XWNkzQYPxfxHgdJ;https://pilv.rtk.ee/s/E5BgwbKCAiypNgJ;https://pilv.rtk.ee/s/t2kfSmGzGg3tSig;https://pilv.rtk.ee/s/P2cQ96GAN8MFCWi;https://pilv.rtk.ee/s/HsPHFQ9WGMKRPBi;https://pilv.rtk.ee/s/nNeaXasBy9ZdEyc;https://pilv.rtk.ee/s/FSowQiw2gM5eBTs;https://pilv.rtk.ee/s/cxkLbbSxW3YfPtG;https://pilv.rtk.ee/s/tZT8d62t5RZJBLZ,https://rtk.ee/sites/default/files/2024-01/regionaal-%20ja%20p%C3%B5llumajandusministeerium_reguonaalarengu%20toetuseks.png
Closed (Suletud),Kohalike omavalitsuste võimestamine roheliste investeeringute tegemisel,kuni 30.03.2026 kell 17.00,"Meetme sihtpiirkonna kohalikud omavalitsused, kelle territooriumil on tuuleparkide kavandamiseks sobilikud alad. KOVid võivad esitada ühistaotluse, milles üks KOV on taotleja ja teised partnerid.","võimestada kohalikke omavalitsusi tuuleenergeetika ala või tuuleparki, sellele juurdepääsuteed, seda põhivõrguga ühendavat elektriliini või muud ehitist, mis on vajalik maismaa- või meretuulepargi toimimiseks, kavandavate planeeringute, projekteerimistingimuste, ehitus- ja kasutuslubade kvaliteetsemal koostamisel ja kiiremal menetlemisel.",Regionaalareng.,,https://rtk.ee/meede-kohalike-omavalitsuste-voimestamine-roheliste-investeeringute-tegemisel,https://www.riigiteataja.ee/akt/dyn=113072023088&id=120062023004!pr4lg2p3;https://www.riigiteataja.ee/akt/113072023088,https://pilv.rtk.ee/s/keDtcSBGk8KQWiA,https://rtk.ee/sites/default/files/2023-12/NextGen_Rahastanud_EL_NextGeneration_EST_hor_color_RGB.jpg;https://rtk.ee/sites/default/files/styles/opengraph/public/2023-12/thomas-reaubourg-JRUVbgJJTBM-unsplash.jpg
Closed (Suletud),Keskvalitsuse hoonete energiatõhususe parandamine moderniseerimisfondist,Alates 10.11.2025 - 12.02.2026 kell 16.00,Hoone omanikuks olev keskvalitsuse valitseva mõju all olev juriidiline isik; riigile kuuluva hoone puhul riigivara valitseja.,Parandada keskvalitsuse kasutuses olevate hoonete energiatõhusust,Riigivalitsemine,,https://rtk.ee/keskvalitsuse-hoonete-energiatohususe-parandamine-moderniseerimisfondist-1,https://www.riigiteataja.ee/akt/109082022031?leiaKehtiv,https://pilv.rtk.ee/s/x6nxkqxzm8q3rE6;https://pilv.rtk.ee/s/wn7rYAAyecbD2QL;https://pilv.rtk.ee/s/mFpFHcnBJKNpZT2,https://rtk.ee/sites/default/files/2026-07/ET_cofundedbyttheMF_CMYK_POS.png;https://rtk.ee/sites/default/files/2025-05/RTK_RM.png;https://rtk.ee/sites/default/files/2025-06/Kagu-Eesti%20piirkonna%20sotsiaalteenused%20ja%20kvaliteet.png
Closed (Suletud),Õdede põhiõppe praktika juhendamise toetamine,alates 15.06.2026 kuni 31.07.2026 kell 17.00 (või kuni eelarveliste vahendite lõppemiseni).,"õdede põhiõppe praktikabaasina tegutsev asutus, kellel on tervishoiukõrgkooliga sõlmitud raamleping või praktikaleping.","parandada õdede põhiõppe praktika juhendamise kvaliteeti, suurendada tervishoiuteenuse osutajate huvi praktikante vastu võtta.",sotsiaalkaitse ja tervis,,https://rtk.ee/odede-pohioppe-praktika-juhendamise-toetamine,,https://pilv.rtk.ee/s/pjpnKyCAeWktYBP;https://pilv.rtk.ee/s/248yjJfcg9qZC6H;https://pilv.rtk.ee/s/xkXPkQwzQMHoCF3,https://rtk.ee/sites/default/files/2025-06/Taotleja%20teekond%20veebilehele%20%281%29.png;https://rtk.ee/sites/default/files/2023-12/sotsmin_3lovi_est.png
Closed (Suletud),Asendushoolduse peremajade rajamise ja rekonstrueerimise toetamine,Alates 07.07.2025 kuni 11.09.2025 kell 16.00,"Kohalik omavalitsus või asendushooldusteenust pakkuv sihtasutus või mittetulundusühing, mille asutajaks on kohalik omavalitsus; osaühing või aktsiaselts, mille osanikuks või aktsionäriks on kohalik omavalitsus; kohaliku omavalitsuse üksuse otsese või kaudse valitseva mõju all olev üksus.","asendushooldust vajavatele lastele peresarnaste, keskkonnasõbralike, teenuse toimepidevust tagavate ja ökonoomsete elamistingimuste loomine ja olemasolevate elamistingimuste parandamine.",Sotsiaalkaitse ja tervis,,https://rtk.ee/asendushoolduse-peremajade-rajamise-ja-rekonstrueerimise-toetamine,https://www.riigiteataja.ee/akt/131012018010?leiaKehtiv;https://www.riigiteataja.ee/akt/131052018055;https://www.riigiteataja.ee/akt/13361493?leiaKehtiv#para2;https://www.riigiteataja.ee/akt/117052022013?leiaKehtiv#para2;https://www.riigiteataja.ee/akt/117052022013?leiaKehtiv#para3;https://www.riigiteataja.ee/aktilisa/1220/4202/5003/SOM_m16_lisa2.pdf;https://www.riigiteataja.ee/akt/122042025003#para15;https://www.riigiteataja.ee/aktilisa/1220/4202/5003/SOM_m16_lisa1.pdf;https://www.riigiteataja.ee/akt/122042025003,https://pilv.rtk.ee/s/tcwqHDC99asMtBT;https://pilv.rtk.ee/s/6NzmQ9xn4j5HtdG;https://pilv.rtk.ee/s/NeibSFy53NNAkPe;https://www.riigiteataja.ee/aktilisa/1220/4202/5003/SOM_m16_lisa2.pdf;https://www.riigiteataja.ee/aktilisa/1220/4202/5003/SOM_m16_lisa1.pdf,https://rtk.ee/sites/default/files/2025-04/Taotleja%20teekond%20veebilehele.png
Closed (Suletud),Harvikhaigustega laste ravi ja lapseeas alanud ravi toetamine,Alates 06.04.2026 kuni 21.05.2026 kell 17.00.,"Taotlejaks võib olla Eestis registreeritud mittetulundusühing või sihtasutus, kes on varasemalt samal eesmärgil heategevuslikus korras toetanud harvikhaigustega lapsi ning nende peresid","Tagada harvikhaigusega laste ravi ja lapseeas alanud harvikhaiguse ravi parem kättesaadavus ravikindlustusest hüvitamisele mittekuuluvate harvikravimite, tervishoiuteenuste ja toetavate teenuste kulude ning raviga seotud perede omaosaluse kulude toetamise kaudu.",Sotsiaalkaitse ja tervis,,https://rtk.ee/harvikhaigustega-laste-ravi-ja-lapseeas-alanud-ravi-toetamine,https://www.riigiteataja.ee/akt/114062024004,https://pilv.rtk.ee/s/aXrtq2Ab9oaWwFP;https://pilv.rtk.ee/s/6SsTMLeWHCrgtAq,https://rtk.ee/sites/default/files/2025-05/Taotleja%20teekond%20veebilehele.png;https://rtk.ee/sites/default/files/2025-05/SoM_RTK.png
Closed (Suletud),Heaolutehnoloogiate lahenduste väljatöötamine - esimene etapp,Alates 27.02.2026 kell 00.00 kuni 23.03.2026 kell 12.00,"Taotlejaks ja partneriks võib olla: kohalikud omavalitsused; riigiasutused; tervise- ja hoolekandeteenuste osutajad (nt haiglad, hooldekodud, koduhooldusteenuse pakkujad); tehnoloogiaettevõtted; teadus- ja arendusasutused; mittetulundusühingud ja sihtasutused; teised juriidilised isikud, kellel on roll lahenduse väljatöötamisel, katsetamisel või kasutuselevõtul.","Heaolutehnoloogiate kasutuselevõtu kaudu pikendada vanemaealiste ja erivajadustega inimeste iseseisvat toimetulekut, parandada nende elukvaliteeti, vähendada lähedaste hoolduskoormust ning tõsta tervise- ja hoolekandeteenuste kvaliteeti, kättesaadavust ja efektiivsust.",Sotsiaalkaitse ja tervis,,https://rtk.ee/Heaolutehnoloogiate-lahenduste-valjatootamine-I-etapp,https://www.riigiteataja.ee/akt/120122025046;https://www.riigiteataja.ee/akt/117052022013?leiaKehtiv#para15;https://www.riigiteataja.ee/akt/117052022013?leiaKehtiv#para4;https://www.riigiteataja.ee/akt/117052022013?leiakehtiv#para15;https://www.riigiteataja.ee/akt/117052022013?leiaKehtiv#para11,https://pilv.rtk.ee/s/g4LzcH4an4ibQ9t;https://pilv.rtk.ee/s/a4kkBokTwjiGyyD;https://pilv.rtk.ee/s/gL4QjsG6c45MZYe;https://pilv.rtk.ee/s/tCbtJfdK4pYT46i;https://pilv.rtk.ee/s/5ACn3X9CWr4q8mt;https://pilv.rtk.ee/s/5D6i7H5xwTrJs5J,https://rtk.ee/sites/default/files/2025-12/1.png;https://rtk.ee/sites/default/files/2025-12/Untitled%20design%20%2813%29.png
Closed (Suletud),Iseseisvat toimetulekut toetavate ja kvaliteetsete sotsiaalteenuste ning hooldusvõimaluste tagamine,Alates 16.02.2024 - 31.03.2025,Hoolduskoormusega ja hooldusvajadusega inimesed.,Parandada kvaliteetsete kodus elamist toetavate sotsiaalteenuste või hoolduskoormust leevendavate teenuste ning abi- või toetusvajaduse süvenemist ennetavate meetmete kättesaadavust kohalikul tasandil.,Sotsiaalkaitse ja tervis.,,https://rtk.ee/iseseisvat-toimetulekut-toetavate-ja-kvaliteetsete-sotsiaalteenuste-ning-hooldusvoimaluste-0,https://www.riigiteataja.ee/akt/123122023032,https://pilv.rtk.ee/s/DFaiZwoiD68NBya;https://pilv.rtk.ee/s/nGgsfxmZWxr3Y5G;https://pilv.rtk.ee/s/Z4eMXctXwR7wngg,https://rtk.ee/sites/default/files/2023-11/divider-shadow-1200x15.jpg;https://rtk.ee/sites/default/files/styles/opengraph/public/2023-12/Riigikantselei-02.jpg
Closed (Suletud),Inimkeskse hoolekande- ja tervishoiusüsteemi koordinatsioonimudeli rakendamine Tartumaal,Avatud alates 08.06.2026 kuni 30.06.2026 kell 17.00,"Taotlejaks võib olla Tartumaa piirkonnast: nimetatud piirkonda teenindav piirkondlik haigla, keskhaigla, üldhaigla või kohalik haigla (edaspidi haigla); kohaliku omavalitsuse üksus (edaspidi KOV); üldarstiabi osutav nimistuga perearst, juhul kui partneritena on kaasatud veel neli nimistuga perearsti; omavalitsusüksuste ühisasutus vastavalt kohaliku omavalitsuse korralduse seaduse §-le 621; maakondlik arenduskeskus või maakonna KOVe ühendav maakonna kohaliku omavalitsuse üksuste liit; tervisekeskus või perearstikeskus, kellel on partnereid kaasates kokku vähemalt viis perearsti nimistut.","Luua maakonnaülene võrgustik, laiendada olemasolevat võrgustikku või hoida toimiv võrgustik töös ning selle tulemusena leida lahendused piirkondlikele probleemidele sotsiaalhoolekande- ja tervishoiuvaldkonnas.",Sotsiaalkaitse ja tervis,,https://rtk.ee/inimkeskse-hoolekande-ja-tervishoiususteemi-koordinatsioonimudeli-rakendamine-Tartumaal,https://www.riigiteataja.ee/akt/111032026009?leiaKehtiv;https://www.riigiteataja.ee/akt/111032026008,https://pilv.rtk.ee/s/eP5J7LcnYLzfPHn;https://pilv.rtk.ee/s/tsJzSjfS53Eiw8n;https://pilv.rtk.ee/s/3QJgE7HCeSdqg2o;https://pilv.rtk.ee/s/xJ3nS4y85ngqfbL;https://pilv.rtk.ee/s/SApgzZkZNfdpLgy;https://pilv.rtk.ee/s/KG6LNJzJHnWFQLb,https://rtk.ee/sites/default/files/2025-06/Kagu-Eesti%20piirkonna%20sotsiaalteenused%20ja%20kvaliteet.png;https://rtk.ee/sites/default/files/2025-03/Kaasrahastanud_EL.png
Closed (Suletud),Kagu - Eesti piirkonna sotsiaalteenuste kättesaadavuse ja kvaliteedi parandamine kohalikul tasandil,Alates 14.07.2025 kuni 14.10.2025 kell 17.00,"Taotlejaks võib olla juriidiline isik, sealhulg as kohaliku omavalitsuse üksus; kohaliku omavalitsuse asutus; valitsusasutus või selle hallatav riigiasutus.",Toetuse andmise eesmärk on parandada kvaliteetsete kodus elamist toetavate sotsiaalteenuste või hoolduskoormust leevendavate teenuste ning abi- või toetusvajaduse süvenemist ennetavate meetmete kättesaadavust kohalikul tasandil.,Sotsiaalkaitse ja tervis,,https://rtk.ee/Kagu-Eesti-piirkonna-sotsiaalteenuste-k%C3%A4ttesaadavuse-ja-kvaliteedi-parandamine-kohalikul-tasandil,https://www.riigiteataja.ee/akt/117062025002,https://pilv.rtk.ee/s/ezj9Lr9JLNr8Sc7,https://rtk.ee/sites/default/files/2025-06/Kagu-Eesti%20piirkonna%20sotsiaalteenused%20ja%20kvaliteet.png;https://rtk.ee/sites/default/files/2025-05/SoM_RTK.png
Closed (Suletud),Kõrge tööhõive taseme saavutamine ja hoidmine,7.10.2024 - 7.11.2024,"Mittetöötavad pererändega saabunud uussisserändajad, rahvusvahelise kaitse saajad ja romad.",Parandada tööturult eemale jäänud ja tööturul ebasoodsas olukorras olevatesse rühmadesse kuuluvate inimeste tööle saamise võimalusi ja suurendada aktiveerimismeetmete kättesaadavust.,Sotsiaalkaitse ja tervis.,,https://rtk.ee/korge-toohoive-taseme-saavutamine-ja-hoidmine-uussisserandajad-rahvusvaheline-kaitse-romad,https://www.riigiteataja.ee/akt/121072023002?leiaKehtiv,https://pilv.rtk.ee/s/QbSFoXx64TobWY8;https://pilv.rtk.ee/s/6yRcrWGRrywpjcS,https://rtk.ee/sites/default/files/2023-11/divider-shadow-1200x15.jpg;https://rtk.ee/sites/default/files/styles/opengraph/public/2023-12/Riigikantselei-02.jpg
Closed (Suletud),"Mittetöötavate, vähemalt 55-aastaste, isikute tööalase konkurentsivõime suurendamine",,,,,,https://rtk.ee/mittetootavad-vahemalt-55-aastased-tooalase-konkurentsivoime-suurendamine-toole-saamise-toetamine,https://www.riigiteataja.ee/akt/114102025006,https://pilv.rtk.ee/s/Hfo4Twk5GkayPEt;https://pilv.rtk.ee/s/WR547pLSDHgnmEc;https://pilv.rtk.ee/s/KXAtdZfFYoDQ7iB;https://pilv.rtk.ee/s/KG6LNJzJHnWFQLb;https://pilv.rtk.ee/s/Dnc9kHpiqge5jfs,https://rtk.ee/sites/default/files/2025-06/Kagu-Eesti%20piirkonna%20sotsiaalteenused%20ja%20kvaliteet.png;https://rtk.ee/sites/default/files/2025-03/Kaasrahastanud_EL.png
Closed (Suletud),ning nende tööle saamise ja tööl püsimise toetamine,Alates 28.11.2025 - 16.02.2026 kell 17.00,Taotlejaks võib olla juriidiline isik; valitsusasutus või selle hallatav riigiasutus; kohaliku omavalitsuse üksus või selle asutus.,Suurendada mittetöötavate vähemalt 55-aastaste isikute tööalast konkurentsivõimet ning toetada nende tööle saamist ja tööl püsimist..,Sotsiaalkaitse ja tervis,,https://rtk.ee/mittetootavad-vahemalt-55-aastased-tooalase-konkurentsivoime-suurendamine-toole-saamise-toetamine,https://www.riigiteataja.ee/akt/114102025006,https://pilv.rtk.ee/s/Hfo4Twk5GkayPEt;https://pilv.rtk.ee/s/WR547pLSDHgnmEc;https://pilv.rtk.ee/s/KXAtdZfFYoDQ7iB;https://pilv.rtk.ee/s/KG6LNJzJHnWFQLb;https://pilv.rtk.ee/s/Dnc9kHpiqge5jfs,https://rtk.ee/sites/default/files/2025-06/Kagu-Eesti%20piirkonna%20sotsiaalteenused%20ja%20kvaliteet.png;https://rtk.ee/sites/default/files/2025-03/Kaasrahastanud_EL.png
Closed (Suletud),Sotsiaal- ja tervisevaldkonna vabaühenduste toetamine 2024,Taotlusvoor on avatud 16.11.2024 kuni 16.12.2024 kell 12.00.,Eestis registreeritud mittetulundusühingud ja sihtasutused.,soodustada vabaühenduste osalemist sotsiaalvaldkonna ja tervisevaldkonna poliitika kujundamises ja elluviimises.,Sotsiaalkaitse ja tervis.,,https://rtk.ee/sotsiaal-ja-tervisevaldkonna-vabauhenduste-toetamine-2024,https://www.riigiteataja.ee/akt/125102024006,https://pilv.rtk.ee/s/3o4qxXww7bFxDeR;https://pilv.rtk.ee/s/K9aeSpeCAxdHt6N;https://pilv.rtk.ee/s/GFACd3bcpS4awbW;https://pilv.rtk.ee/s/ripxwXYasqoWmXq,https://rtk.ee/sites/default/files/2023-12/sotsmin_3lovi_est.png;https://rtk.ee/sites/default/files/2024-10/Nutikas.png;https://rtk.ee/sites/default/files/2024-11/Vaba%C3%BChendused2024%20Taotleja%20teekond_0.png
Closed (Suletud),Tervisepiiranguga inimeste tööle saamise ja tööl püsimise toetamine sotsiaalse innovatsiooni kaudu,Alates 14.11.2025 - 26.01.2026 kell 17.00,"Mittetulundusühing või sihtasutus, mille tegevusala või põhikirjas nimetatud eesmärk on tervisehäiretega või puudega või erivajadustega inimeste esindamine, nende toimetuleku toetamine või neile määruse alusel toetavate tegevuste või teenuste pakkumine.",Sotsiaalse innovatsiooni kaudu parandada tervisepiiranguga inimeste tööle saamise ja tööl püsimise võimalusi.,Sotsiaalkaitse ja tervis,,https://rtk.ee/tervisepiiranguga-inimeste-toole-saamise-ja-tool-pusimise-toetamine-sotsiaalse-innovatsiooni-kaudu,https://www.riigiteataja.ee/akt/114102025006,https://pilv.rtk.ee/s/JkmAS9HJGrcjbb3;https://pilv.rtk.ee/s/JQ7aQfDMS7dHnyC;https://pilv.rtk.ee/s/CiiSk8dF3zXjR5C,https://rtk.ee/sites/default/files/2025-06/Kagu-Eesti%20piirkonna%20sotsiaalteenused%20ja%20kvaliteet.png;https://rtk.ee/sites/default/files/2025-03/Kaasrahastanud_EL.png
Closed (Suletud),Sotsiaal- ja tervisevaldkonna vabaühenduste toetamine 2025 (Puudega inimeste huvikaitse programmi taotlusvoor),alates 29.08.2025 kuni 29.09.2025 kell 12.00 päeval,"SA või MTÜ, kellel on vähemalt 3- aastane tõendatav kogemus üle-eestilises puudega inimeste huvikaitse võrgustikutöös osalemises ning kes on tegutsenud puudega inimeste esindusorganisatsioonina.","tugevdada puudega ja kroonilise haigusega inimeste rolli ühiskonnas ning suurendada nende õigusi ja kaasatust, arendades süsteemset huvikaitset riigi ja kohalikul tasandil.",Sotsiaalkaitse ja tervis,,https://rtk.ee/sotsiaal-ja-tervisevaldkonna-vabauhenduste-toetamine-2025,https://www.riigiteataja.ee/akt/102072025004?leiaKehtiv;https://www.riigiteataja.ee/akt/125102024006?leiaKehtiv#para34b1;https://www.riigiteataja.ee/akt/125102024006?leiaKehtiv#para8;https://www.riigiteataja.ee/akt/125102024006?leiaKehtiv#para37,https://pilv.rtk.ee/s/37PFpAK7HNQbLgR;https://pilv.rtk.ee/s/Ngc3K39fWC8oTwW;https://pilv.rtk.ee/s/sWsMX5Lg5qMQcc5;https://pilv.rtk.ee/s/GnGg3PioJre3ERT;https://pilv.rtk.ee/s/9Dws3BwWorB7GGf,https://rtk.ee/sites/default/files/2025-05/SoM_RTK.png;https://rtk.ee/sites/default/files/2024-11/Vaba%C3%BChendused2024%20Taotleja%20teekond_0.png
Closed (Suletud),Õdede põhiõppe praktika juhendamise toetamine,Alates 15.12.2025 kuni 31.01.2026 või kuni eelarveliste vahendite lõppemiseni. 19.01.2026 seisuga voor on suletud eelarveliste vahendite lõppemise tõttu.,"Õdede põhiõppe praktikabaasina tegutsev asutus, kellel on tervishoiukõrgkooliga sõlmitud raamleping või praktikaleping; Õdede põhiõpet korraldav tervishoiukõrgkool.","parandada õdede põhiõppe praktika juhendamise kvaliteeti, suurendada tervishoiuteenuse osutajate huvi praktikante vastu võtta ning ühtlustada praktikabaasidele makstava juhendamistasu suurust.",Sotsiaalkaitse ja tervis,,https://rtk.ee/odede-pohioppe-praktika-juhendamise-toetamine,,https://pilv.rtk.ee/s/pjpnKyCAeWktYBP;https://pilv.rtk.ee/s/248yjJfcg9qZC6H;https://pilv.rtk.ee/s/xkXPkQwzQMHoCF3,https://rtk.ee/sites/default/files/2025-06/Taotleja%20teekond%20veebilehele%20%281%29.png;https://rtk.ee/sites/default/files/2023-12/sotsmin_3lovi_est.png
Closed (Suletud),Võrdsete võimaluste ja soolise võrdsuse edendamise toetamine,Alates 29.04.2025 kuni 19.05.2025 kell 16:00.,Taotleja on Eestis registreeritud mittetulundusühing või sihtasutus. Projekti tegevuste elluviimisesse võib taotleja kaasata partnereid.,Toetuse andmise eesmärgiks on tagada vähemusgruppide võrdsete võimaluste ja soolise võrdsuse edendamise eesmärgil tegutsevate Eestis registreeritud vabaühenduste võimet toetada oma tegevusega „Heaolu arengukava 2023 2030“ viienda alaeesmärgi elluviimist.,Sotsiaalkaitse ja tervis,,https://rtk.ee/vordsete-voimaluste-ja-soolise-vordsuse-edendamise-toetamine,https://www.riigiteataja.ee/akt/101042025010,https://pilv.rtk.ee/s/aBCTKqWNeSr6Akd;https://pilv.rtk.ee/s/c2k8ApYkZKgzoi2;https://pilv.rtk.ee/s/mm4r9GcfwD5HHYL,https://rtk.ee/sites/default/files/2025-04/Piirkondlike%20algatuste%20v%C3%A4ikeprojektide%20teekond%20%288%29.png;https://rtk.ee/sites/default/files/2025-04/majandusmin_3lovi_est.png;https://rtk.ee/sites/default/files/2024-10/Nutikas.png
Closed (Suletud),Soolise segregatsiooni vähendamine hariduses ja tööturul,Alates 08.01.2026 kuni 09.03.2026 kell 17.00.,,"Toetuse andmise eesmärk on toetada tegevusi, mis vähendavad soolist segregatsiooni hariduses ja tööturul, toetades tasakaalustatud osalust loodus‑ ja täppisteaduste, tehnoloogia, hariduse, tervishoiu ja heaolu valdkondades ning edendades soolist tasakaalu juhtimises ja otsustamises.",Sotsiaalkaitse ja tervis,,https://rtk.ee/Soolise-segregatsiooni-v2hendamine-hariduses-ja-tooturul,https://www.riigiteataja.ee/akt/119112025013,https://pilv.rtk.ee/s/b5xok3qWmmWBDtE;https://pilv.rtk.ee/s/gKmMAtJQAQrKmdi;https://pilv.rtk.ee/s/MeLQgxdYWWb4xcw;https://pilv.rtk.ee/s/Ta2RibrqmzLQDDP;https://pilv.rtk.ee/s/kKHf5JQNLw652A4;https://pilv.rtk.ee/s/bqPFw4E8FgNgG6d;https://pilv.rtk.ee/s/LsRZ8Wxo5DqzC5p,https://rtk.ee/sites/default/files/2025-06/Kagu-Eesti%20piirkonna%20sotsiaalteenused%20ja%20kvaliteet.png;https://rtk.ee/sites/default/files/2025-03/Kaasrahastanud_EL.png
Closed (Suletud),Inimkeskse hoolekande- ja tervishoiusüsteemi koordinatsioonimudeli rakendamine,Alates 13.11.2025 - 31.03.2026 kell 17.00 või kuni taotlusvooru eelarve vabade vahendite lõppemiseni,"Piirkonda teenindav haigla, kohaliku omavalitsuse üksus, üldarstiabi osutav perearst, omavalitsusüksuste ühisasutus, maakondlik arenduskeskus või maakonna KOVe ühendab maakonna kohaliku omavalitsuse üksuste liit, tervisekeskus või perearstikeskus","Luua maakonnaülene võrgustik, laiendada olemasolevat võrgustikku või hoida toimiv võrgustik töös ning selle tulemusena leida lahendused piirkondlikele probleemidele sotsiaalhoolekande- ja tervishoiuvaldkonnas.",Sotsiaalkaitse ja tervis,,https://rtk.ee/inimkeskse-hoolekande-ja-tervishoiususteemi-koordinatsioonimudeli-rakendamine,https://www.riigiteataja.ee/akt/101092023008?leiaKehtiv,https://pilv.rtk.ee/s/q834aGbegjgENTr;https://pilv.rtk.ee/s/KG6LNJzJHnWFQLb,https://rtk.ee/sites/default/files/2025-06/Kagu-Eesti%20piirkonna%20sotsiaalteenused%20ja%20kvaliteet.png;https://rtk.ee/sites/default/files/2025-03/Kaasrahastanud_EL.png
Closed (Suletud),Sektoritevahelise mobiilsuse toetamine,I taotlusvoor oli avatud kuni 31. oktoober 2024 kl 16:00. II taotlusvoor oli avatud alates 1. veebruar 2026 ning on suletud eelarve ammendumise tõttu.,Eesti era- või avalikusektori asutused.,"Tõsta töötajate sektoritevahelise liikumise kaudu teadmusalast koostööd erinevates sektorites ning soodustada koostööd Eesti teadus- ja arendusasutuste ja kõrgkoolide ning Eesti era-, avaliku- ja kolmanda sektori asutuste vahel.",Teadus ja arendustegevus ning ettevõtlus.,,https://rtk.ee/sekmo,https://www.riigiteataja.ee/akt/128012025004?leiaKehtiv,https://pilv.rtk.ee/s/AzM2NGTzC4T7RNQ;https://pilv.rtk.ee/s/Ep3WyHQJrs598E4;https://pilv.rtk.ee/s/8SNZe8YTQq8tk6e;https://pilv.rtk.ee/s/z3gwP64cmCwwBMs;https://pilv.rtk.ee/s/HiSbzdY85Jb652i,https://rtk.ee/sites/default/files/2025-04/KKKriba.png
Closed (Suletud),Teadusuuringute mõju suurendamine ning teadusasutuste ja kõrgkoolide institutsionaalse teadmussiirde suutlikkuse toetamine (Astra+),Tegevuste taotlusvoorud on suletud.,"Teadus- ja arendusasutused, ülikoolid ja rakenduskõrgkoolid.",Tugevdada riiklike ja avalik-õiguslike teadusasutuste ning Haridus- ja Teadusministeeriumi alluvuses olevate rakenduskõrgkoolide teadmussiirde võimekust.,Teadus- ja arendustegevus.,,https://rtk.ee/Teadusuuringute-moju-suurendamine-ning-teadusasutuste-ja-korgkoolide-institutsionaalse-teadmussiirde-suutlikkuse-toetamine,https://www.riigiteataja.ee/et/akt/102062026007,https://pilv.rtk.ee/s/mpdtLtByb8Hg9Xq;https://pilv.rtk.ee/s/BpGdBXe9qyybr4R;https://pilv.rtk.ee/s/dGF3nA3PFL5kTiR;https://pilv.rtk.ee/s/HYobcFQdXsmaMzn;https://pilv.rtk.ee/s/bSoCNNMnWarebeM;https://pilv.rtk.ee/s/FfDmBZJRRZrxgqc;https://pilv.rtk.ee/s/BLXAZWD2TqCgyRt,https://rtk.ee/sites/default/files/2024-11/Taotleja%20teekond.png
Closed (Suletud),Ida-Viru täiskasvanutele suunatud hariduslike algatuste toetamine,alates 18.08.2025 kuni 22.09.2025 kell 23.59,"Ida-Virumaal registreeritud sihtasutus või mittetulundusühing; Ida-Virumaa kohalik omavalitsus või selle asutus; Ida-Virumaal registreeritud täienduskoolitusasutus, välja arvatud ülikool, rakenduskõrgkool ja kutseõppeasutus.",Luua Ida-Virumaa täiskasvanutele paremad võimalused elukestvaks õppeks ja tasemeõppesse sisenemiseks,Haridus,,https://rtk.ee/ida-viru-taiskasvanutele-suunatud-hariduslike-algatuste-toetamine,https://www.riigiteataja.ee/akt/127052025020,https://pilv.rtk.ee/s/M9SbFSricGcnfqZ;https://pilv.rtk.ee/s/xTsQYdjPamqLoBw;https://pilv.rtk.ee/s/gtDG4mr3zMwe8ne;https://pilv.rtk.ee/s/sTit7cKePdmDwMg,https://rtk.ee/sites/default/files/2025-07/Taotleja%20teekond%20veebilehele%20%283%29.png
Closed (Suletud),Kaasava hariduse põhimõtete rakendaminE perioodil 2021 - 2027,15.01.2024 - 31.12.2024,"Üldhariduskoolid, kutseõppeasutused, noorsootööasutused ja huvikoolid.","Suurendada üldhariduskoolide, kutseõppeasutuste, noorsootööasutuste ja huvikoolide (edaspidi haridusasutus) võimekust rakendada kaasava hariduse põhimõtteid.",Haridus.,,https://rtk.ee/kaasava-hariduse-pohimotete-rakendamine-perioodil-2021-2027,https://www.riigiteataja.ee/akt/121112023018,https://pilv.rtk.ee/s/G8a6TsZc3occE5B,https://rtk.ee/sites/default/files/2023-11/divider-shadow-1200x15.jpg
Closed (Suletud),Noorte valikute suunamine inseneeria ning info- ja kommunikatsioonitehnoloogia valdkondades,Alates 22.12.2025 - 13.02.2026 kell 17.00,"Juriidilised isikud või kohaliku omavalitsuse asutused, mille tegevused on seotud ettevõtjate ja tööandjate organisatsioonide tegevusega, huvikoolituse või mitteformaalse õppe pakkumise või kutse-, teadus- ja tehnikaalase tegevusega.","Tõsta 13-19 aastastes noorte huvi inseneeria, sealhulgas info- ja kommunikatsioonitehnoloogia valdkondade vastu.",Haridus,,https://rtk.ee/noorte-valikute-suunamine-inseneeria-ning-info-ja-kommunikatsioonitehnoloogia-valdkondades,https://www.riigiteataja.ee/akt/117102025014,https://pilv.rtk.ee/s/Tb4gwxDn8qaCZoY;https://pilv.rtk.ee/s/ezZWzjficg3gSHf;https://pilv.rtk.ee/s/HSPwEM9sZDEjotW;https://pilv.rtk.ee/s/kYArCcngoXg7XFq,https://rtk.ee/sites/default/files/2025-03/Kaasrahastanud_EL.png;https://rtk.ee/sites/default/files/2025-12/Taotleja%20teekond%20veebilehele%20%285%29.png
Closed (Suletud),Ehituse e-hüpe (RRF),Taotlusvoor on avatud 10.12.2024 - 20.01.2025,"Toetust võib taotleda Eesti Vabariigis registreeritud ehitusvaldkonnas tegutsev või ehitusvaldkonnale teenuseid või tooteid pakkuv juriidiline isik, kohalik omavalitsuse üksus ja selle hallatav asutus, või äriregistrisse kantud füüsilisest isikust ettevõtja.","stimuleerida ehitusvaldkonna ettevõtjaid looma või rakendama uuenduslikke digilahendusi, mis tõstavad sektori tootlikkust ja on seotud e-ehituse platvormiga.",Infoühiskond.,RRF,https://rtk.ee/ehituseehupe,https://www.riigiteataja.ee/akt/108112024007?leiaKehtiv,https://pilv.rtk.ee/s/AmgLd9bLkdzi83d;https://pilv.rtk.ee/s/DFDDKtMZPizLNma;https://pilv.rtk.ee/s/6wecaAf8nnDD8bZ;https://pilv.rtk.ee/s/pF4eHfDoTmoKdkZ;https://pilv.rtk.ee/s/BMSEoHMnwqdDtfM;https://pilv.rtk.ee/s/oeb8BoqycnZZH87,
Closed (Suletud),Väga suure läbilaskevõimega elektroonilise side juurdepääsuvõrgu rajamine,Taotluste vastuvõtt alates 09.02.2026 kuni 30.03.2026 kell 17.00,Eesti Vabariigis registreeritud juriidiline isik,Luua võimalus liituda väga suure läbilaskevõimega elektroonilise side juurdepääsuvõrguga.,Digiriik,,https://rtk.ee/vaga-suure-labilaskevoimega-elektroonilise-side-juurdepaasuvorgu-rajamine-SF,https://www.riigiteataja.ee/akt/108012026001;https://www.riigiteataja.ee/akt/117052022012;https://www.riigiteataja.ee/akt/111072023007?leiaKehtiv;https://www.riigiteataja.ee/akt/101122021005,https://pilv.rtk.ee/s/3xJkicHWYmTBScq;https://pilv.rtk.ee/s/EoSgprEkecdkPjE;https://pilv.rtk.ee/s/jSNcRnKomXZ2PdG;https://pilv.rtk.ee/s/kWn6zExKKqXH3wi;https://pilv.rtk.ee/s/tRw7pcdZqiiGfop;https://pilv.rtk.ee/s/GwRTJs6SxcjNmBb;https://pilv.rtk.ee/s/tf3DsrMPrpA3Yfc;https://pilv.rtk.ee/s/9ZN9xmGyZNrYTFn;https://pilv.rtk.ee/s/idW3mWYre4iexFc;https://pilv.rtk.ee/s/jTkc6bCxGB7brqM,https://rtk.ee/sites/default/files/2026-01/Untitled%20design%20%283%29.jpg
Closed (Suletud),Kaitsetehnoloogia ja tehisaru suutlikkuse arendamine (KAISA),Alates 25.05.2026 kuni 24.06.2026,Taotleja saab olla Eesti riigikaitseline rakenduskõrgkool. Partner võib olla teadus- ja arendusasutus. Partner osaleb projekti tegevustes ning tema tegevusi rahastatakse toetusest.,"Toetada teadus- ja arendustegevust ning luua taristu, mis võimaldab kahesuguse kasutusega (dual-use) tehnoloogiate arendamist ja testimist panustamiseks riigikaitse tugevdamisse ja julgeoleku tagamisse.",Riigikaitse,,https://rtk.ee/kaitsetehnoloogia-ja-tehisaru-suutlikkuse-arendamine-KAISA,https://www.riigiteataja.ee/akt/123042026001,https://pilv.rtk.ee/s/9XaW7rSc38qEYBW;https://pilv.rtk.ee/s/EYJgQzkT5MQDRZ6;https://pilv.rtk.ee/s/GKESDSWsc6Zdx5a,https://rtk.ee/sites/default/files/2026-05/Rahastab%20EL%20%28100%25%20EL%20toetus%29.jpg
Closed (Suletud),Korteriühistule kriisivalmiduse suurendamine 2026,Alates 27.04.2026 kuni 30.11.26 kl 23:59 või kuni eelarvevahendite lõppemiseni (taotlusvoor sulgus eelarvevahendite ammendumise tõttu).,Korteriühistud,Toetuse andmise eesmärk on suurendada korteriühistu toimepidevust kriisiolukorras.,Julgeolek,,https://rtk.ee/korteriuhistule-kriisivalmiduse-suurendamine-2026,https://www.riigiteataja.ee/akt/127032026004,https://pilv.rtk.ee/s/bWEKLPJCoZLt6g7;https://pilv.rtk.ee/s/ATWWeBzsgn7pSbx;https://pilv.rtk.ee/s/DWdzLamPZkN2Yba;https://pilv.rtk.ee/s/os6QLayQkZcFsCK;https://pilv.rtk.ee/s/HfSZzdjZkfz6ct5,https://rtk.ee/sites/default/files/2025-04/P%C3%B6%C3%B6steamet_RTK.png;https://rtk.ee/sites/default/files/2025-04/Taotleja%20teekond_Korteri%C3%BChistule%20kriisivalmiduse%20suurendamine%202025.png
Closed (Suletud),Korteriühistule kriisivalmiduse suurendamine 2025,Alates 21.04.2025 kuni 30.11.2025 või kuni eelarvevahendite lõppemiseni.,Korteriühistud,Toetuse andmise eesmärk on suurendada korteriühistu toimepidevust kriisiolukorras.,Julgeolek,,https://rtk.ee/korteriuhistule-kriisivalmiduse-suurendamine-2025,https://www.riigiteataja.ee/akt/110042025018,https://pilv.rtk.ee/s/WBYBbJgdkZZG8TY;https://pilv.rtk.ee/s/XQCoxK7DY2KKWAz,https://rtk.ee/sites/default/files/2024-10/Nutikas.png;https://rtk.ee/sites/default/files/2025-04/P%C3%B6%C3%B6steamet_RTK.png;https://rtk.ee/sites/default/files/2025-04/Taotleja%20teekond_Korteri%C3%BChistule%20kriisivalmiduse%20suurendamine%202025.png
Closed (Suletud),Kohalike omavalitsuse üksuste kriisivalmiduse suurendamine 2025,Alates 05.05.2025 kuni 31.12.2025 või kuni eelarvevahendite lõppemiseni (taotlusvoor sulgus eelarvevahendite ammendumise tõttu),KOVid,"kriisiolukorras suurendada kohaliku omavalitsuse üksuse toimepidevust tema haldusterritooriumil asuvas evakuatsioonikohas, kerksuskeskuses või koolieelses lasteasutuses.",Julgeolek,,https://www.rtk.ee/KOVide-kriisivalmiduse-suurendamine-2025,https://www.riigiteataja.ee/akt/122042025005,https://pilv.rtk.ee/s/CgsFE35yog8Z2z2;https://pilv.rtk.ee/s/ojr3tgQRpWkeJaK,https://www.rtk.ee/sites/default/files/2024-10/Nutikas.png;https://www.rtk.ee/sites/default/files/2025-04/P%C3%B6%C3%B6steamet_RTK.png;https://www.rtk.ee/sites/default/files/2025-04/Taotleja%20teekond_Korteri%C3%BChistule%20kriisivalmiduse%20suurendamine%202025.png
